{
  "_meta": {
    "generated_utc": "2026-06-10T08:18:52+00:00",
    "argv": [
      "scripts\\run_ablation_debutanizer.py",
      "--json"
    ],
    "python": "3.11.15"
  },
  "transport_lag": 15,
  "n_splits": 5,
  "arms": {
    "u5_only": {
      "cv_mean": 0.03379742411127003,
      "cv_se": 0.43806925137282066,
      "fold_r2": [
        0.2224690440938233,
        -1.6969851510212175,
        0.4519232514056978,
        0.581869030332099,
        0.6097109457459476
      ],
      "worst_fold": -1.6969851510212175,
      "n_features": 1,
      "test_r2": 0.395172662434062
    },
    "physics_only": {
      "cv_mean": 0.11954910183282996,
      "cv_se": 0.4786586962092447,
      "fold_r2": [
        0.3520491311126209,
        -1.7695061859198562,
        0.5039957894106367,
        0.7928017855743436,
        0.7184049889864049
      ],
      "worst_fold": -1.7695061859198562,
      "n_features": 3,
      "test_r2": 0.4403173662904166
    },
    "physics_plus_u5": {
      "cv_mean": 0.14547926127473326,
      "cv_se": 0.4194205744651397,
      "fold_r2": [
        0.22368419880476753,
        -1.4936959322344525,
        0.5743974657137751,
        0.7276187693826568,
        0.6953918047069194
      ],
      "worst_fold": -1.4936959322344525,
      "n_features": 4,
      "test_r2": 0.47567413696647276
    },
    "lagged_raw": {
      "cv_mean": -1.6044966514081782,
      "cv_se": 1.4214121010571261,
      "fold_r2": [
        -3.618885756638635,
        -6.247612930247067,
        0.5409833357503202,
        0.5819315370577285,
        0.7211005570367619
      ],
      "worst_fold": -6.247612930247067,
      "n_features": 126,
      "test_r2": 0.22080537383042131
    }
  }
}