{
  "_meta": {
    "generated_utc": "2026-06-10T04:44:10+00:00",
    "argv": [
      "scripts\\conformal_eval.py",
      "--data-dir",
      "data\\raw\\tep",
      "--theta",
      "5",
      "--json"
    ],
    "python": "3.11.15"
  },
  "target": 0.9,
  "regimes": {
    "mode1": {
      "2": {
        "split": {
          "cov": 0.8466666666666667,
          "width": 1.788248986390613
        },
        "cor_split": {
          "cov": 0.8966666666666666,
          "width": 1.6254559346645294
        },
        "aci": {
          "cov": 0.9,
          "width": 1.7213190387428141
        },
        "enbpi": {
          "cov": 0.8966666666666666,
          "width": 2.109498023099229
        }
      },
      "5": {
        "split": {
          "cov": 0.8466666666666667,
          "width": 1.788248986390613
        },
        "cor_split": {
          "cov": 0.8733333333333333,
          "width": 1.90527728647605
        },
        "aci": {
          "cov": 0.8966666666666666,
          "width": 2.0377226671494295
        },
        "enbpi": {
          "cov": 0.8966666666666666,
          "width": 2.109498023099229
        }
      }
    },
    "mode2": {
      "2": {
        "split": {
          "cov": 0.8466666666666667,
          "width": 2.105774976242259
        },
        "cor_split": {
          "cov": 0.9033333333333333,
          "width": 1.8468328250409343
        },
        "aci": {
          "cov": 0.9,
          "width": 1.9023983197691827
        },
        "enbpi": {
          "cov": 0.8566666666666667,
          "width": 2.2583621144150507
        }
      },
      "5": {
        "split": {
          "cov": 0.8466666666666667,
          "width": 2.105774976242259
        },
        "cor_split": {
          "cov": 0.89,
          "width": 2.0979791905789966
        },
        "aci": {
          "cov": 0.9033333333333333,
          "width": 2.183872807762819
        },
        "enbpi": {
          "cov": 0.8566666666666667,
          "width": 2.2583621144150507
        }
      }
    },
    "mode3": {
      "2": {
        "split": {
          "cov": 0.9566666666666667,
          "width": 3.181516386171879
        },
        "cor_split": {
          "cov": 0.9266666666666666,
          "width": 2.099559569425153
        },
        "aci": {
          "cov": 0.9,
          "width": 2.013204441957785
        },
        "enbpi": {
          "cov": 0.8733333333333333,
          "width": 2.4876560392606293
        }
      },
      "5": {
        "split": {
          "cov": 0.9566666666666667,
          "width": 3.181516386171879
        },
        "cor_split": {
          "cov": 0.88,
          "width": 2.2623006564973593
        },
        "aci": {
          "cov": 0.9,
          "width": 2.479025520815172
        },
        "enbpi": {
          "cov": 0.8733333333333333,
          "width": 2.4876560392606293
        }
      }
    }
  }
}