{
  "_meta": {
    "generated_utc": "2026-06-10T05:03:45+00:00",
    "argv": [
      "scripts\\tep_migration.py",
      "--method",
      "luo",
      "--n-repeats",
      "8",
      "--bias-update",
      "0.3,2",
      "--json"
    ],
    "python": "3.11.15"
  },
  "methods": {
    "yan": {
      "source": "mode1",
      "n_repeats": 8,
      "bias_update": "0.3,2",
      "targets": {
        "mode2": {
          "fractions": [
            0.05,
            0.1,
            0.2,
            0.3,
            0.5,
            1.0
          ],
          "migrated_r2": [
            0.4597223863332911,
            0.42063947067097157,
            0.423138057214555,
            0.4094856134030442,
            0.45191827966907416,
            0.47110080951940814
          ],
          "from_scratch_same_r2": [
            0.2792318220149483,
            0.2719287721092395,
            0.3943595756336956,
            0.37786359394903984,
            0.43483370510666847,
            0.4484096026819403
          ],
          "from_scratch_generic_r2": [
            0.08274843619998647,
            -0.25326179824093265,
            -8.695901587987642,
            -0.4385805599782835,
            0.10659894516917329,
            0.3354695513767457
          ],
          "bar_same_r2": 0.4484096026819403,
          "bar_generic_r2": 0.3354695513767457,
          "crossover_fraction": 0.05,
          "migrated_r2_std": [
            0.10831198521249244,
            0.06108004744022077,
            0.0898068712207207,
            0.05256554071940046,
            0.033053630471768326,
            0.0
          ],
          "migrated_coverage": [
            0.91875,
            0.9545833333333333,
            0.9741666666666666,
            0.9483333333333334,
            0.9491666666666667,
            0.95
          ],
          "migrated_width": [
            2.9284585080945575,
            3.1617251311787413,
            3.1285794012946453,
            2.7778879109964763,
            2.7572087346259506,
            2.650820630196174
          ],
          "target_level": 0.9,
          "migrated_data_fraction": 0.05,
          "from_scratch_data_fraction": 0.5,
          "data_efficiency": 10.0
        },
        "mode3": {
          "fractions": [
            0.05,
            0.1,
            0.2,
            0.3,
            0.5,
            1.0
          ],
          "migrated_r2": [
            0.42495351141525295,
            0.40650421480235976,
            0.418813824419983,
            0.4454448985525139,
            0.4880091573268029,
            0.49951025009434435
          ],
          "from_scratch_same_r2": [
            -0.08052001855747752,
            0.2189149739797234,
            0.3262695888169227,
            0.3234639712190181,
            0.396374483158263,
            0.4088864713591248
          ],
          "from_scratch_generic_r2": [
            -0.3677297658484378,
            -0.20604315175607185,
            -5.0358047533241255,
            -0.2802762801364917,
            0.2388008307730734,
            0.4721119665115946
          ],
          "bar_same_r2": 0.4088864713591248,
          "bar_generic_r2": 0.4721119665115946,
          "crossover_fraction": 0.05,
          "migrated_r2_std": [
            0.11711519244091333,
            0.07725168167975814,
            0.08742063317400751,
            0.042810765769946295,
            0.04593321580469676,
            0.0
          ],
          "migrated_coverage": [
            0.9395833333333333,
            0.96875,
            0.9595833333333332,
            0.9675,
            0.98125,
            0.95
          ],
          "migrated_width": [
            3.9555404876103055,
            3.5333503137464977,
            3.2484204146407274,
            3.075619942000769,
            3.062780358602708,
            2.83889566885126
          ],
          "target_level": 0.9,
          "migrated_data_fraction": 0.05,
          "from_scratch_data_fraction": 0.5,
          "data_efficiency": 10.0
        }
      }
    },
    "osbc": {
      "source": "mode1",
      "n_repeats": 8,
      "bias_update": "0.3,2",
      "targets": {
        "mode2": {
          "fractions": [
            0.05,
            0.1,
            0.2,
            0.3,
            0.5,
            1.0
          ],
          "migrated_r2": [
            0.5229168981677175,
            0.5215756794740263,
            0.5274298643995063,
            0.5261764858766718,
            0.5306520291323445,
            0.5276822959990127
          ],
          "from_scratch_same_r2": [
            0.4601963366579151,
            0.42846741332576116,
            0.4707526123048834,
            0.46973820731835836,
            0.4726431338698056,
            0.47482951145535957
          ],
          "from_scratch_generic_r2": [
            -6.982024477522106,
            0.14666394268229466,
            0.40294742695399344,
            0.47209744793485997,
            0.5006868018755684,
            0.5272263436793219
          ],
          "bar_same_r2": 0.47482951145535957,
          "bar_generic_r2": 0.5272263436793219,
          "crossover_fraction": 0.05,
          "migrated_r2_std": [
            0.016102277024192962,
            0.023879473231029638,
            0.00922238862217523,
            0.007967605080340237,
            0.0037222504454086807,
            0.0
          ],
          "migrated_coverage": [],
          "migrated_width": [],
          "target_level": 0.9,
          "migrated_data_fraction": 0.05,
          "from_scratch_data_fraction": 0.05,
          "data_efficiency": 1.0
        },
        "mode3": {
          "fractions": [
            0.05,
            0.1,
            0.2,
            0.3,
            0.5,
            1.0
          ],
          "migrated_r2": [
            0.4428459131727942,
            0.4259959273735383,
            0.45937309179748687,
            0.45971987981355067,
            0.46128799901179235,
            0.4580721819580429
          ],
          "from_scratch_same_r2": [
            0.3778735105878619,
            0.3704009303123837,
            0.4234108114099895,
            0.41890022599383203,
            0.42119583882139616,
            0.4282290121776572
          ],
          "from_scratch_generic_r2": [
            -6.009552882280017,
            0.2247255004860372,
            0.48098826114765725,
            0.5439128245368714,
            0.5769464099440179,
            0.6002637678829168
          ],
          "bar_same_r2": 0.4282290121776572,
          "bar_generic_r2": 0.6002637678829168,
          "crossover_fraction": 0.05,
          "migrated_r2_std": [
            0.08175979937566263,
            0.0704343689607706,
            0.03853994747987407,
            0.027260686221558365,
            0.01269185065886016,
            0.0
          ],
          "migrated_coverage": [],
          "migrated_width": [],
          "target_level": 0.9,
          "migrated_data_fraction": 0.05,
          "from_scratch_data_fraction": 0.2,
          "data_efficiency": 4.0
        }
      }
    },
    "luo": {
      "source": "mode1",
      "n_repeats": 8,
      "bias_update": "0.3,2",
      "targets": {
        "mode2": {
          "fractions": [
            0.05,
            0.1,
            0.2,
            0.3,
            0.5,
            1.0
          ],
          "migrated_r2": [
            0.2853785444130938,
            0.27377386002622855,
            0.3946450233813017,
            0.37825750612291303,
            0.4353158608647958,
            0.4486693985050195
          ],
          "from_scratch_same_r2": [
            0.2792318220149483,
            0.2719287721092395,
            0.3943595756336956,
            0.37786359394903984,
            0.43483370510666847,
            0.4484096026819403
          ],