{
  "_meta": {
    "generated_utc": "2026-06-10T04:43:34+00:00",
    "argv": [
      "scripts\\secom_baseline.py",
      "--data-dir",
      "data\\raw\\secom",
      "--json"
    ],
    "python": "3.11.15"
  },
  "alphas": [
    10.0,
    4.641588833612779,
    2.154434690031884,
    1.0,
    0.464158883361278,
    0.21544346900318845,
    0.1,
    0.04641588833612782,
    0.021544346900318846,
    0.01,
    0.004641588833612782,
    0.0021544346900318843,
    0.001
  ],
  "cv_mean": [
    -1.8923788615651624,
    -1.5486607147338787,
    -327.95179134246166,
    -626.9705407942386,
    -13.757486423942357,
    -884.3426356676185,
    -5218.88184274314,
    -13392.647421181533,
    -30693.3686309645,
    -55803.592637762835,
    -72423.9347133937,
    -69253.65237441116,
    -64852.85536472684
  ],
  "cv_se": [
    0.5024118962954002,
    0.38953149706888696,
    326.9659558104931,
    626.3164351214286,
    9.669173491444091,
    876.589430566642,
    5206.115107677316,
    13347.059932987135,
    21632.161432670553,
    34210.39578206091,
    47394.997079143846,
    54855.47592498526,
    57525.13455845346
  ],
  "one_se_index": 0,
  "best_index": 1
}