{
  "_meta": {
    "generated_utc": "2026-06-10T04:43:34+00:00",
    "argv": [
      "scripts\\secom_baseline.py",
      "--data-dir",
      "data\\raw\\secom",
      "--json"
    ],
    "python": "3.11.15"
  },
  "target": "x59",
  "alpha_star": 10.0,
  "nonzero": 6,
  "cv_path": {
    "alphas": [
      10.0,
      4.641588833612779,
      2.154434690031884,
      1.0,
      0.464158883361278,
      0.21544346900318845,
      0.1,
      0.04641588833612782,
      0.021544346900318846,
      0.01,
      0.004641588833612782,
      0.0021544346900318843,
      0.001
    ],
    "cv_mean": [
      -1.8923788615651624,
      -1.5486607147338787,
      -327.95179134246166,
      -626.9705407942386,
      -13.757486423942357,
      -884.3426356676185,
      -5218.88184274314,
      -13392.647421181533,
      -30693.3686309645,
      -55803.592637762835,
      -72423.9347133937,
      -69253.65237441116,
      -64852.85536472684
    ],
    "cv_se": [
      0.5024118962954002,
      0.38953149706888696,
      326.9659558104931,
      626.3164351214286,
      9.669173491444091,
      876.589430566642,
      5206.115107677316,
      13347.059932987135,
      21632.161432670553,
      34210.39578206091,
      47394.997079143846,
      54855.47592498526,
      57525.13455845346
    ],
    "one_se_index": 0,
    "best_index": 1
  },
  "coverage": {
    "2": {
      "split": {
        "cov": 0.9529914529914529,
        "width": 20.214382316178508
      },
      "aci": {
        "cov": 0.9102564102564102,
        "width": 12.787856050745736
      },
      "corrected_test_r2": -0.16183278796693523,
      "raw_residual_sd": 3.7423206639300526,
      "corrected_residual_sd": 4.050271316386533,
      "miss_rate_fail": 0.1111111111111111,
      "n_fail_test": 9,
      "miss_rate_pass": 0.08888888888888889
    },
    "5": {
      "split": {
        "cov": 0.9529914529914529,
        "width": 20.214382316178508
      },
      "aci": {
        "cov": 0.9145299145299145,
        "width": 12.837550671851155
      },
      "corrected_test_r2": -0.23342805016497437,
      "raw_residual_sd": 3.7423206639300526,
      "corrected_residual_sd": 4.172561951021977,
      "miss_rate_fail": 0.0,
      "n_fail_test": 9,
      "miss_rate_pass": 0.08888888888888889
    }
  }
}