{
  "_meta": {
    "generated_utc": "2026-06-10T04:51:21+00:00",
    "argv": [
      "scripts\\bench_latency.py",
      "--n",
      "10000",
      "--json"
    ],
    "python": "3.11.15"
  },
  "predict_single": {
    "n": 10000,
    "p50_ms": 1.2346000003162771,
    "p90_ms": 1.508810005907435,
    "p99_ms": 1.9743020011810586,
    "mean_ms": 1.2894633899981272
  },
  "predict_batch": {
    "batch_size": 32,
    "n": 312,
    "p50_ms": 1.460949999454897,
    "p90_ms": 1.7227899938006885,
    "p99_ms": 2.047485008224611,
    "mean_ms": 1.5096032050048682
  },
  "label": {
    "n": 2000,
    "p50_ms": 0.9738500011735596,
    "p90_ms": 1.1931300046853721,
    "p99_ms": 1.4004240112262778,
    "mean_ms": 1.0123234999991837
  }
}